{"cameraMode":{"drawMode":0,"name":"Shaded","section":"Shading Mode"},"sceneLighting":true,"audioPlay":false,"sceneViewState":{"showFog":true,"showMaterialUpdate":false,"showSkybox":true,"showFlares":true,"showImageEffects":true,"showParticleSystems":true},"in2DMode":false,"pivot":{"x":-4.125132083892822,"y":1.173598051071167,"z":-0.7536845207214356},"rotation":{"x":-0.2870967984199524,"y":-0.026412932202219964,"z":0.00792372040450573,"w":-0.9575046300888062},"size":5.4623541831970219,"orthographic":false}