{"cameraMode":{"drawMode":0,"name":"Shaded","section":"Shading Mode"},"sceneLighting":true,"audioPlay":false,"sceneViewState":{"showFog":true,"showMaterialUpdate":false,"showSkybox":true,"showFlares":true,"showImageEffects":true,"showParticleSystems":true},"in2DMode":false,"pivot":{"x":0.07356765866279602,"y":-0.00548514723777771,"z":-1.0089248418807984},"rotation":{"x":0.028666194528341295,"y":0.9695349931716919,"z":-0.13940802216529847,"w":0.1993631273508072},"size":0.8153156638145447,"orthographic":false}