{"cameraMode":{"drawMode":0,"name":"Shaded","section":"Shading Mode"},"sceneLighting":true,"audioPlay":false,"sceneViewState":{"showFog":true,"showMaterialUpdate":false,"showSkybox":false,"showFlares":true,"showImageEffects":true,"showParticleSystems":true},"in2DMode":false,"pivot":{"x":-5.150000095367432,"y":0.2460000067949295,"z":2.243999719619751},"rotation":{"x":-0.3257436454296112,"y":0.00765629019588232,"z":-0.0026392340660095217,"w":-0.9454234838485718},"size":6.8729166984558109,"orthographic":false}